{"train_losses": [0.8498149799628997, 0.5526079262646151, 0.5241937511403796, 0.5128349225286027, 0.5035914207848025, 0.49821127594356807, 0.49214193518732635, 0.4794821395000941, 0.4675888566064163, 0.4515309375776371, 0.4447786195177427, 0.44008072329239106, 0.43760027096305093, 0.4334076332374358, 0.4321655282672022, 0.4285060960642049, 0.4283901033267169, 0.42480526843541105, 0.42193111861255805, 0.4228790456980047, 0.4211039060438183, 0.4180315283822342, 0.41566362431351567, 0.4134409788628699, 0.4124307787754166, 0.4115249388654467, 0.4078313771268012, 0.4053761258091725, 0.4042209638676173, 0.4018775207895628, 0.3967004720593842, 0.3929574556753669, 0.39061709566855096, 0.38666802812630024, 0.38317381915911825, 0.380428778033861, 0.37747602437583494, 0.37854874595789845, 0.3760600954713956, 0.3750468761148587, 0.37544668098570594, 0.3712267535673061, 0.3700654708163839, 0.3697494931623969, 0.3687229744145568, 0.36955798008072543, 0.3671045395689951, 0.36578402678731464, 0.36277661441077647, 0.3643528567233556], "val_losses": [0.9180454611778259, 0.8723059296607971, 0.8795451521873474, 0.8824679851531982, 0.8819722533226013, 0.8829616904258728, 0.8575109243392944, 0.8353478312492371, 0.7872387170791626, 0.771020233631134, 0.7568743824958801, 0.7658983469009399, 0.7564435601234436, 0.7497304081916809, 0.7479154467582703, 0.7413473129272461, 0.7450964450836182, 0.7323641180992126, 0.7475517392158508, 0.7366004586219788, 0.7256320714950562, 0.7355973720550537, 0.7393785119056702, 0.7395300269126892, 0.7236865162849426, 0.7181785106658936, 0.7200196385383606, 0.7221803665161133, 0.7115557193756104, 0.7091690897941589, 0.6915937066078186, 0.6975518465042114, 0.6782105565071106, 0.6849653124809265, 0.677024781703949, 0.6783325672149658, 0.6563987135887146, 0.6609417796134949, 0.6615849733352661, 0.6549351215362549, 0.6609203815460205, 0.6578525304794312, 0.6569889783859253, 0.6498510837554932, 0.6467376947402954, 0.6468877196311951, 0.6497126817703247, 0.6436054706573486, 0.6350448727607727, 0.6406974196434021]}