{"train_losses": [0.6901819559050278, 0.5011814198863338, 0.45658654100458385, 0.43713144769131296, 0.4272768438701898, 0.41783774444754695, 0.3922138201518798, 0.3733867499190317, 0.36651214327610715, 0.35760393738746643, 0.35333812740487114, 0.3503467495172796, 0.3500258679121313, 0.3472577912706724, 0.34692126680427876, 0.3423902778558328], "val_losses": [0.8482893109321594, 0.7767014503479004, 0.7386422753334045, 0.7279545664787292, 0.7396876811981201, 0.7099534869194031, 0.6555975675582886, 0.6410895586013794, 0.6241036653518677, 0.6279255151748657, 0.6110969185829163, 0.6255595088005066, 0.6237455010414124, 0.6246270537376404, 0.6174797415733337, 0.615485429763794]}