,power_consumption,temp
0,7970.656400218267,11.65676715348581
