,power_consumption,temp
0,7420.519200971211,12.283504273504274
