,power_consumption,temp
0,1076.2962350181817,3.655493948930226
