,power_consumption,temp
0,1467.2117021713116,7.984864861677829
