,RMSE,MAE,ME,MAPE
SARIMA,1.0987705692385932,0.8923313049256897,3.705511236063211,4.69339738810161
Persistence Forecast,0.914958305706148,0.5946743861679996,3.52635780475365,4.347359269233777
LSTM,0.4294440448284149,0.32450070977211,1.634036898612976,1.5033917427062988
LSTM - include forecast,0.5685828328132629,0.4095726013183594,2.90602707862854,1.5654692649841309
TCN,0.7038435339927673,0.5011968016624451,2.439700126647949,1.3895950317382812
