,RMSE,MAE,ME,MAPE
LSTM,0.50456864,0.3702365,1.8618321,1.9045223
LSTM - include forecast,0.5809074640274048,0.4325515031814575,2.2571182250976562,1.4667106866836548
