,RMSE,MAE,ME,MAPE
LSTM,0.5006774663925171,0.3395682871341705,2.958026885986328,1.3705267906188965
LSTM - include forecast,0.5572604537010193,0.4186244010925293,2.7499146461486816,1.636426329612732
TCN,0.7254523038864136,0.5209996700286865,2.4964160919189453,1.4396886825561523
