,PICP,PINAW
LSTM,0.26953125,0.05354578
TCN,0.6328125,0.1821012794971466
