,PICP,PINAW
LSTM,0.61328125,0.1436545
