,PICP,PINAW
LSTM,0.3138020833333333,0.058386095
TCN,0.6497395833333334,0.22291487455368042
