,PICP,PINAW
LSTM,0.3072916666666667,0.0501274578273296
TCN,0.65625,0.22298960387706757
